Fecha,Hora,Fecha valor,Producto,ISIN,Descripción,Tipo,Variación,,Saldo,,ID Orden
29-12-2023,18:48,29-12-2023,,,"Transferir a su Cuenta de Efectivo en flatexDEGIRO Bank: 2,77 EUR",,,,EUR,121.39,
29-12-2023,18:48,29-12-2023,FLATEX EURO BANKACCOUNT,NLFLATEXACNT,Degiro Cash Sweep Transfer,,EUR,-2.77,EUR,118.62,
29-12-2023,08:05,28-12-2023,,,Ingreso Cambio de Divisa,,EUR,2.77,EUR,121.39,
29-12-2023,08:05,28-12-2023,,,Retirada Cambio de Divisa,1.1088,USD,-3.07,USD,0.00,
28-12-2023,16:47,28-12-2023,,,"Transferir a su Cuenta de Efectivo en flatexDEGIRO Bank: 29,88 EUR",,,,EUR,118.62,
28-12-2023,16:47,28-12-2023,FLATEX EURO BANKACCOUNT,NLFLATEXACNT,Degiro Cash Sweep Transfer,,EUR,-29.88,EUR,88.74,
28-12-2023,08:10,22-12-2023,ENAGAS,ES0130960018,Retención del dividendo,,EUR,-7.01,EUR,118.62,
28-12-2023,08:10,22-12-2023,ENAGAS,ES0130960018,Dividendo,,EUR,36.89,EUR,125.63,
28-12-2023,07:42,27-12-2023,VANGUARD S&P 500 UCITS ETF USD,IE00B3XXRP09,Dividendo,,USD,3.07,USD,3.07,
14-12-2023,18:03,14-12-2023,,,"Transferir a su Cuenta de Efectivo en flatexDEGIRO Bank: 24,62 EUR",,,,EUR,88.74,
14-12-2023,18:03,14-12-2023,FLATEX EURO BANKACCOUNT,NLFLATEXACNT,Degiro Cash Sweep Transfer,,EUR,-24.62,EUR,64.12,
14-12-2023,07:45,12-12-2023,MERLIN PROPERTIES SOCIMI SA,ES0105025003,Retención del dividendo,,EUR,-5.78,EUR,88.74,
14-12-2023,07:45,12-12-2023,MERLIN PROPERTIES SOCIMI SA,ES0105025003,Dividendo,,EUR,30.40,EUR,94.52,
05-12-2023,16:47,05-12-2023,,,"Transferir a su Cuenta de Efectivo en flatexDEGIRO Bank: 40,49 EUR",,,,EUR,64.12,
05-12-2023,16:47,05-12-2023,FLATEX EURO BANKACCOUNT,NLFLATEXACNT,Degiro Cash Sweep Transfer,,EUR,-40.49,EUR,23.63,
05-12-2023,08:04,04-12-2023,,,Ingreso Cambio de Divisa,,EUR,6.79,EUR,64.12,
05-12-2023,08:04,04-12-2023,,,Retirada Cambio de Divisa,159.67,JPY,-1083.97,JPY,0.00,
05-12-2023,07:54,30-11-2023,MAPFRE,ES0124244E34,Dividendo,,EUR,41.61,EUR,57.33,
05-12-2023,07:54,30-11-2023,MAPFRE,ES0124244E34,Retención del dividendo,,EUR,-7.91,EUR,15.72,
04-12-2023,07:31,01-12-2023,NINTENDO CO LTD,JP3756600007,Retención del dividendo,,JPY,-196.03,JPY,1083.97,
04-12-2023,07:31,01-12-2023,NINTENDO CO LTD,JP3756600007,Dividendo,,JPY,1280.00,JPY,1280.00,
16-10-2023,17:32,16-10-2023,,,"Transferir a su Cuenta de Efectivo en flatexDEGIRO Bank: 1,75 EUR",,,,EUR,23.63,
16-10-2023,17:32,16-10-2023,FLATEX EURO BANKACCOUNT,NLFLATEXACNT,Degiro Cash Sweep Transfer,,EUR,-1.75,EUR,21.88,
14-10-2023,07:40,13-10-2023,,,Ingreso Cambio de Divisa,,EUR,1.75,EUR,23.63,
14-10-2023,07:40,13-10-2023,,,Retirada Cambio de Divisa,1.0536,USD,-1.84,USD,0.00,
13-10-2023,07:22,12-10-2023,ADR ON TAIWAN SEMICONDUCTOR,US8740391003,Dividendo,,USD,2.33,USD,1.84,
13-10-2023,07:22,12-10-2023,ADR ON TAIWAN SEMICONDUCTOR,US8740391003,Retención del dividendo,,USD,-0.49,USD,-0.49,
06-10-2023,16:50,06-10-2023,,,"Transferir a su Cuenta de Efectivo en flatexDEGIRO Bank: 2,84 EUR",,,,EUR,21.88,
06-10-2023,16:50,06-10-2023,FLATEX EURO BANKACCOUNT,NLFLATEXACNT,Degiro Cash Sweep Transfer,,EUR,-2.84,EUR,19.04,
06-10-2023,07:36,05-10-2023,,,Ingreso Cambio de Divisa,,EUR,2.84,EUR,21.88,
06-10-2023,07:36,05-10-2023,,,Retirada Cambio de Divisa,1.0576,USD,-3.00,USD,0.00,
06-10-2023,04:38,05-10-2023,DOLE PLC,IE0003LFZ4U7,Dividendo,,USD,4.00,USD,3.00,
06-10-2023,04:38,05-10-2023,DOLE PLC,IE0003LFZ4U7,Retención del dividendo,,USD,-1.00,USD,-1.00,
03-10-2023,18:50,03-10-2023,,,Transferir a su Cuenta de Efectivo en flatexDEGIRO Bank: 8 EUR,,,,EUR,19.04,
03-10-2023,18:50,03-10-2023,FLATEX EURO BANKACCOUNT,NLFLATEXACNT,Degiro Cash Sweep Transfer,,EUR,-8.00,EUR,11.04,
03-10-2023,10:50,02-10-2023,,,"Transferir desde su Cuenta de Efectivo en flatexDEGIRO Bank: 250,66 EUR",,,,EUR,19.04,
03-10-2023,10:50,02-10-2023,FLATEX EURO BANKACCOUNT,NLFLATEXACNT,Degiro Cash Sweep Transfer,,EUR,250.66,EUR,269.70,
03-10-2023,08:42,02-10-2023,EBRO FOODS,ES0112501012,Dividendo,,EUR,9.88,EUR,19.04,
03-10-2023,08:42,02-10-2023,EBRO FOODS,ES0112501012,Retención del dividendo,,EUR,-1.88,EUR,9.16,
02-10-2023,15:41,02-10-2023,ENAGAS,ES0130960018,Spanish Transaction Tax,,EUR,-0.50,EUR,11.04,905c4673-a0ea-48d6-8826-54908275ff63
02-10-2023,15:41,02-10-2023,ENAGAS,ES0130960018,Costes de transacción y/o externos de DEGIRO,,EUR,-2.00,EUR,11.54,905c4673-a0ea-48d6-8826-54908275ff63
02-10-2023,15:41,02-10-2023,ENAGAS,ES0130960018,"Compra 16 Enagas@15,51 EUR (ES0130960018)",,EUR,-248.16,EUR,13.54,905c4673-a0ea-48d6-8826-54908275ff63
02-10-2023,03:01,30-09-2023,,,Flatex Interest Income,,EUR,0.00,EUR,261.70,
29-09-2023,18:51,29-09-2023,,,"Transferir a su Cuenta de Efectivo en flatexDEGIRO Bank: 2,78 EUR",,,,EUR,261.70,
29-09-2023,18:51,29-09-2023,FLATEX EURO BANKACCOUNT,NLFLATEXACNT,Degiro Cash Sweep Transfer,,EUR,-2.78,EUR,258.92,
29-09-2023,08:01,28-09-2023,,,Ingreso Cambio de Divisa,,EUR,2.78,EUR,261.70,
29-09-2023,08:01,28-09-2023,,,Retirada Cambio de Divisa,1.0592,USD,-2.94,USD,0.00,
28-09-2023,07:42,27-09-2023,VANGUARD S&P 500 UCITS ETF USD,IE00B3XXRP09,Dividendo,,USD,2.94,USD,2.94,
21-09-2023,16:50,21-09-2023,,,"Transferir desde su Cuenta de Efectivo en flatexDEGIRO Bank: 319,34 EUR",,,,EUR,258.92,
21-09-2023,16:50,21-09-2023,FLATEX EURO BANKACCOUNT,NLFLATEXACNT,Degiro Cash Sweep Transfer,,EUR,319.34,EUR,578.26,
21-09-2023,08:00,21-09-2023,NINTENDO CO LTD,JP3756600007,Costes de transacción y/o externos de DEGIRO,,EUR,-3.90,EUR,258.92,f1c72517-cdd0-48f1-a11b-a70e85cb57c5
21-09-2023,08:00,21-09-2023,NINTENDO CO LTD,JP3756600007,"Compra 8 Nintendo Co Ltd@39,43 EUR (JP3756600007)",,EUR,-315.44,EUR,262.82,f1c72517-cdd0-48f1-a11b-a70e85cb57c5
07-09-2023,16:34,07-09-2023,,,"Transferir desde su Cuenta de Efectivo en flatexDEGIRO Bank: 395,77 EUR",,,,EUR,578.26,
07-09-2023,16:34,07-09-2023,FLATEX EURO BANKACCOUNT,NLFLATEXACNT,Degiro Cash Sweep Transfer,,EUR,395.77,EUR,974.03,
07-09-2023,09:04,07-09-2023,VANGUARD S&P 500 UCITS ETF USD,IE00B3XXRP09,Costes de transacción y/o externos de DEGIRO,,EUR,-1.00,EUR,578.26,2a7dacc2-32fd-4e71-8830-55d5fce714b5
07-09-2023,09:04,07-09-2023,VANGUARD S&P 500 UCITS ETF USD,IE00B3XXRP09,"Compra 5 Vanguard S&P 500 UCITS ETF USD@78,955 EUR (IE00B3XXRP09)",,EUR,-394.78,EUR,579.26,2a7dacc2-32fd-4e71-8830-55d5fce714b5
29-08-2023,11:01,29-08-2023,,,flatex Deposit,,EUR,500.00,EUR,974.03,
01-08-2023,11:20,31-07-2023,,,"Transferir desde su Cuenta de Efectivo en flatexDEGIRO Bank: 453,4 EUR",,,,EUR,474.03,
01-08-2023,11:20,31-07-2023,FLATEX EURO BANKACCOUNT,NLFLATEXACNT,Degiro Cash Sweep Transfer,,EUR,453.40,EUR,927.43,
31-07-2023,15:36,31-07-2023,ADR ON TAIWAN SEMICONDUCTOR,US8740391003,Costes de transacción y/o externos de DEGIRO,,EUR,-3.90,EUR,474.03,0f5dfad1-44a4-4c7f-8b97-f944522d221f
31-07-2023,15:36,31-07-2023,ADR ON TAIWAN SEMICONDUCTOR,US8740391003,"Compra 5 ADR on Taiwan Semiconductor Manufacturing Co Ltd@89,9 EUR (US8740391003)",,EUR,-449.50,EUR,477.93,0f5dfad1-44a4-4c7f-8b97-f944522d221f
31-07-2023,12:20,28-07-2023,,,"Transferir a su Cuenta de Efectivo en flatexDEGIRO Bank: 266,8 EUR",,,,EUR,927.43,
31-07-2023,12:20,28-07-2023,FLATEX EURO BANKACCOUNT,NLFLATEXACNT,Degiro Cash Sweep Transfer,,EUR,-266.80,EUR,660.63,
31-07-2023,11:21,31-07-2023,,,flatex Deposit,,EUR,500.00,EUR,927.43,
28-07-2023,15:56,28-07-2023,INTERNATIONAL CONSOLIDATED AIRLINES,ES0177542018,Costes de transacción y/o externos de DEGIRO,,EUR,-2.00,EUR,427.43,b5ad9fca-8496-495b-a3ea-0da73dd219f8
28-07-2023,15:56,28-07-2023,INTERNATIONAL CONSOLIDATED AIRLINES,ES0177542018,"Venta 140 International Consolidated Airlines Group SA@1,92 EUR (ES0177542018)",,EUR,268.80,EUR,429.43,b5ad9fca-8496-495b-a3ea-0da73dd219f8
18-07-2023,16:49,18-07-2023,,,"Transferir a su Cuenta de Efectivo en flatexDEGIRO Bank: 23,08 EUR",,,,EUR,160.63,
18-07-2023,16:49,18-07-2023,FLATEX EURO BANKACCOUNT,NLFLATEXACNT,Degiro Cash Sweep Transfer,,EUR,-23.08,EUR,137.55,
18-07-2023,07:08,17-07-2023,ACERINOX,ES0132105018,Dividendo,,EUR,28.50,EUR,160.63,
18-07-2023,07:08,17-07-2023,ACERINOX,ES0132105018,Retención del dividendo,,EUR,-5.42,EUR,132.13,
13-07-2023,11:50,12-07-2023,,,"Transferir a su Cuenta de Efectivo en flatexDEGIRO Bank: 10,68 EUR",,,,EUR,137.55,
13-07-2023,11:50,12-07-2023,FLATEX EURO BANKACCOUNT,NLFLATEXACNT,Degiro Cash Sweep Transfer,,EUR,-10.68,EUR,126.87,
12-07-2023,09:27,12-07-2023,IBERDROLA SA-RTS,ES06445809Q1,"Venta 36 IBERDROLA SA-RTS@0,302 EUR (ES06445809Q1)",,EUR,10.87,EUR,137.55,2816c1cc-bea7-40c9-9078-d49ba4065443
12-07-2023,09:27,12-07-2023,IBERDROLA SA-RTS,ES06445809Q1,"Venta 1 IBERDROLA SA-RTS@0,302 EUR (ES06445809Q1)",,EUR,0.30,EUR,126.68,2816c1cc-bea7-40c9-9078-d49ba4065443
12-07-2023,09:27,12-07-2023,IBERDROLA SA-RTS,ES06445809Q1,Costes de transacción y/o externos de DEGIRO,,EUR,-2.00,EUR,126.38,2816c1cc-bea7-40c9-9078-d49ba4065443
12-07-2023,09:27,12-07-2023,IBERDROLA SA-RTS,ES06445809Q1,"Venta 5 IBERDROLA SA-RTS@0,302 EUR (ES06445809Q1)",,EUR,1.51,EUR,128.38,2816c1cc-bea7-40c9-9078-d49ba4065443
10-07-2023,17:34,10-07-2023,,,"Transferir a su Cuenta de Efectivo en flatexDEGIRO Bank: 33,68 EUR",,,,EUR,126.87,
10-07-2023,17:34,10-07-2023,FLATEX EURO BANKACCOUNT,NLFLATEXACNT,Degiro Cash Sweep Transfer,,EUR,-33.68,EUR,93.19,
07-07-2023,09:02,07-07-2023,IBERDROLA SA-RTS,ES06445809Q1,EMISIÓN DE DERECHOS: Compra 42 IBERDROLA SA-RTS@0 EUR (ES06445809Q1),,EUR,0.00,EUR,126.87,
07-07-2023,07:46,06-07-2023,ENAGAS,ES0130960018,Dividendo,,EUR,38.18,EUR,126.87,
07-07-2023,07:46,06-07-2023,ENAGAS,ES0130960018,Retención del dividendo,,EUR,-7.25,EUR,88.69,
07-07-2023,07:38,06-07-2023,,,Ingreso Cambio de Divisa,,EUR,2.75,EUR,95.94,
07-07-2023,07:38,06-07-2023,,,Retirada Cambio de Divisa,1.0916,USD,-3.00,USD,0.00,
07-07-2023,05:11,06-07-2023,DOLE PLC,IE0003LFZ4U7,Dividendo,,USD,4.00,USD,3.00,
07-07-2023,05:11,06-07-2023,DOLE PLC,IE0003LFZ4U7,Retención del dividendo,,USD,-1.00,USD,-1.00,
04-07-2023,17:20,04-07-2023,,,"Transferir a su Cuenta de Efectivo en flatexDEGIRO Bank: 17,67 EUR",,,,EUR,93.19,
04-07-2023,17:20,04-07-2023,FLATEX EURO BANKACCOUNT,NLFLATEXACNT,Degiro Cash Sweep Transfer,,EUR,-17.67,EUR,75.52,
04-07-2023,07:21,03-07-2023,REDEIA,ES0173093024,Dividendo,,EUR,21.82,EUR,93.19,
04-07-2023,07:21,03-07-2023,REDEIA,ES0173093024,Retención del dividendo,,EUR,-4.15,EUR,71.37,
04-07-2023,00:50,03-07-2023,,,Transferir a su Cuenta de Efectivo en flatexDEGIRO Bank: 8 EUR,,,,EUR,75.52,
04-07-2023,00:50,03-07-2023,FLATEX EURO BANKACCOUNT,NLFLATEXACNT,Degiro Cash Sweep Transfer,,EUR,-8.00,EUR,67.52,
01-07-2023,20:21,30-06-2023,,,Flatex Interest Income,,EUR,0.00,EUR,75.52,
01-07-2023,07:24,30-06-2023,EBRO FOODS,ES0112501012,Dividendo,,EUR,9.88,EUR,75.52,
01-07-2023,07:24,30-06-2023,EBRO FOODS,ES0112501012,Retención del dividendo,,EUR,-1.88,EUR,65.64,
30-06-2023,19:05,30-06-2023,,,"Transferir a su Cuenta de Efectivo en flatexDEGIRO Bank: 1,51 EUR",,,,EUR,67.52,
30-06-2023,19:05,30-06-2023,FLATEX EURO BANKACCOUNT,NLFLATEXACNT,Degiro Cash Sweep Transfer,,EUR,-1.51,EUR,66.01,
30-06-2023,11:22,29-06-2023,,,"Transferir desde su Cuenta de Efectivo en flatexDEGIRO Bank: 161,95 EUR",,,,EUR,67.52,
30-06-2023,11:22,29-06-2023,FLATEX EURO BANKACCOUNT,NLFLATEXACNT,Degiro Cash Sweep Transfer,,EUR,161.95,EUR,229.47,
30-06-2023,07:49,29-06-2023,,,Ingreso Cambio de Divisa,,EUR,1.51,EUR,67.52,
30-06-2023,07:49,29-06-2023,,,Retirada Cambio de Divisa,1.0892,USD,-1.65,USD,0.00,
29-06-2023,17:19,29-06-2023,,,"Transferir desde su Cuenta de Efectivo en flatexDEGIRO Bank: 309,01 EUR",,,,EUR,66.01,
29-06-2023,17:19,29-06-2023,FLATEX EURO BANKACCOUNT,NLFLATEXACNT,Degiro Cash Sweep Transfer,,EUR,309.01,EUR,375.02,
29-06-2023,17:11,29-06-2023,ENDESA,ES0130670112,Spanish Transaction Tax,,EUR,-0.98,EUR,66.01,f47528e3-d859-4327-ab58-77e05c538826
29-06-2023,17:11,29-06-2023,ENDESA,ES0130670112,Costes de transacción y/o externos de DEGIRO,,EUR,-2.00,EUR,66.99,f47528e3-d859-4327-ab58-77e05c538826
29-06-2023,17:11,29-06-2023,ENDESA,ES0130670112,"Compra 25 Endesa@19,665 EUR (ES0130670112)",,EUR,-491.63,EUR,68.99,f47528e3-d859-4327-ab58-77e05c538826
29-06-2023,17:08,29-06-2023,BANCO SANTANDER,ES0113900J37,Costes de transacción y/o externos de DEGIRO,,EUR,-2.00,EUR,560.61,63185622-b01d-4cdc-9114-4796ec01c95b
29-06-2023,17:08,29-06-2023,BANCO SANTANDER,ES0113900J37,"Venta 100 Banco Santander@3,3465 EUR (ES0113900J37)",,EUR,334.65,EUR,562.61,63185622-b01d-4cdc-9114-4796ec01c95b
29-06-2023,13:11,29-06-2023,REDEIA,ES0173093024,Spanish Transaction Tax,,EUR,-0.43,EUR,227.96,3ce42014-9a67-497a-aefa-87703d2fab77
29-06-2023,13:11,29-06-2023,REDEIA,ES0173093024,Spanish Transaction Tax,,EUR,-0.18,EUR,228.39,3ce42014-9a67-497a-aefa-87703d2fab77
29-06-2023,13:11,29-06-2023,REDEIA,ES0173093024,Costes de transacción y/o externos de DEGIRO,,EUR,-2.00,EUR,228.57,3ce42014-9a67-497a-aefa-87703d2fab77
29-06-2023,13:11,29-06-2023,REDEIA,ES0173093024,"Compra 14 Redeia@15,32 EUR (ES0173093024)",,EUR,-214.48,EUR,230.57,3ce42014-9a67-497a-aefa-87703d2fab77
29-06-2023,13:11,29-06-2023,REDEIA,ES0173093024,"Compra 6 Redeia@15,32 EUR (ES0173093024)",,EUR,-91.92,EUR,445.05,3ce42014-9a67-497a-aefa-87703d2fab77
29-06-2023,11:21,29-06-2023,,,flatex Deposit,,EUR,500.00,EUR,536.97,
29-06-2023,07:37,28-06-2023,VANGUARD S&P 500 UCITS ETF USD,IE00B3XXRP09,Dividendo,,USD,1.65,USD,1.65,
23-06-2023,16:34,23-06-2023,,,"Transferir desde su Cuenta de Efectivo en flatexDEGIRO Bank: 650,62 EUR",,,,EUR,36.97,
23-06-2023,16:34,23-06-2023,FLATEX EURO BANKACCOUNT,NLFLATEXACNT,Degiro Cash Sweep Transfer,,EUR,650.62,EUR,687.59,
23-06-2023,14:53,23-06-2023,MAPFRE,ES0124244E34,Spanish Transaction Tax,,EUR,-0.68,EUR,36.97,d0fd4c63-0097-40d3-ba29-a03241f20515
23-06-2023,14:53,23-06-2023,MAPFRE,ES0124244E34,Costes de transacción y/o externos de DEGIRO,,EUR,-2.00,EUR,37.65,d0fd4c63-0097-40d3-ba29-a03241f20515
23-06-2023,14:53,23-06-2023,MAPFRE,ES0124244E34,"Compra 190 Mapfre@1,778 EUR (ES0124244E34)",,EUR,-337.82,EUR,39.65,d0fd4c63-0097-40d3-ba29-a03241f20515
23-06-2023,14:27,23-06-2023,BANCO SANTANDER,ES0113900J37,Spanish Transaction Tax,,EUR,-0.62,EUR,377.47,0b74ea40-fe63-4ac0-a3d4-f49a23da6ab3
23-06-2023,14:27,23-06-2023,BANCO SANTANDER,ES0113900J37,Costes de transacción y/o externos de DEGIRO,,EUR,-2.00,EUR,378.09,0b74ea40-fe63-4ac0-a3d4-f49a23da6ab3
23-06-2023,14:27,23-06-2023,BANCO SANTANDER,ES0113900J37,"Compra 100 Banco Santander@3,075 EUR (ES0113900J37)",,EUR,-307.50,EUR,380.09,0b74ea40-fe63-4ac0-a3d4-f49a23da6ab3
01-06-2023,17:49,01-06-2023,,,"Transferir desde su Cuenta de Efectivo en flatexDEGIRO Bank: 2,5 EUR",,,,EUR,687.59,
01-06-2023,17:49,01-06-2023,FLATEX EURO BANKACCOUNT,NLFLATEXACNT,Degiro Cash Sweep Transfer,,EUR,2.50,EUR,690.09,
01-06-2023,14:52,31-05-2023,,,Comisión de conectividad con el mercado 2023 (Tradegate AG - TDG),,EUR,-2.50,EUR,687.59,
30-05-2023,11:21,30-05-2023,,,flatex Deposit,,EUR,500.00,EUR,690.09,
26-05-2023,09:49,25-05-2023,,,Transferir desde su Cuenta de Efectivo en flatexDEGIRO Bank: 107 EUR,,,,EUR,190.09,
26-05-2023,09:49,25-05-2023,FLATEX EURO BANKACCOUNT,NLFLATEXACNT,Degiro Cash Sweep Transfer,,EUR,107.00,EUR,297.09,
25-05-2023,17:34,25-05-2023,,,"Transferir a su Cuenta de Efectivo en flatexDEGIRO Bank: 34,63 EUR",,,,EUR,190.09,
25-05-2023,17:34,25-05-2023,FLATEX EURO BANKACCOUNT,NLFLATEXACNT,Degiro Cash Sweep Transfer,,EUR,-34.63,EUR,155.46,
25-05-2023,16:14,25-05-2023,ISHARES MSCI CHINA A UCITS ETF USD (ACC),IE00BQT3WG13,Costes de transacción y/o externos de DEGIRO,,EUR,-1.00,EUR,190.09,d9e734f1-c2d6-4701-b974-91034e623759
25-05-2023,16:14,25-05-2023,ISHARES MSCI CHINA A UCITS ETF USD (ACC),IE00BQT3WG13,"Compra 25 iShares MSCI China A UCITS ETF USD (Acc)@4,24 EUR (IE00BQT3WG13)",,EUR,-106.00,EUR,191.09,d9e734f1-c2d6-4701-b974-91034e623759
25-05-2023,06:35,24-05-2023,MAPFRE,ES0124244E34,Dividendo,,EUR,42.75,EUR,297.09,
25-05-2023,06:35,24-05-2023,MAPFRE,ES0124244E34,Retención del dividendo,,EUR,-8.12,EUR,254.34,
23-05-2023,16:49,23-05-2023,,,"Transferir a su Cuenta de Efectivo en flatexDEGIRO Bank: 21,96 EUR",,,,EUR,262.46,
23-05-2023,16:49,23-05-2023,FLATEX EURO BANKACCOUNT,NLFLATEXACNT,Degiro Cash Sweep Transfer,,EUR,-21.96,EUR,240.50,
23-05-2023,07:46,22-05-2023,MERLIN PROPERTIES SOCIMI SA,ES0105025003,Dividendo,,EUR,27.11,EUR,262.46,
23-05-2023,07:46,22-05-2023,MERLIN PROPERTIES SOCIMI SA,ES0105025003,Retención del dividendo,,EUR,-5.15,EUR,235.35,
19-05-2023,17:19,19-05-2023,,,"Transferir desde su Cuenta de Efectivo en flatexDEGIRO Bank: 305,01 EUR",,,,EUR,240.50,
19-05-2023,17:19,19-05-2023,FLATEX EURO BANKACCOUNT,NLFLATEXACNT,Degiro Cash Sweep Transfer,,EUR,305.01,EUR,545.51,
19-05-2023,13:54,19-05-2023,MERLIN PROPERTIES SOCIMI SA,ES0105025003,Spanish Transaction Tax,,EUR,-0.41,EUR,240.50,5e259216-e463-4e87-a14a-8967f0db9a15
19-05-2023,13:54,19-05-2023,MERLIN PROPERTIES SOCIMI SA,ES0105025003,Spanish Transaction Tax,,EUR,-0.20,EUR,240.91,5e259216-e463-4e87-a14a-8967f0db9a15
19-05-2023,13:54,19-05-2023,MERLIN PROPERTIES SOCIMI SA,ES0105025003,Costes de transacción y/o externos de DEGIRO,,EUR,-2.00,EUR,241.11,5e259216-e463-4e87-a14a-8967f0db9a15
19-05-2023,13:54,19-05-2023,MERLIN PROPERTIES SOCIMI SA,ES0105025003,"Compra 27 MERLIN Properties SOCIMI SA@7,56 EUR (ES0105025003)",,EUR,-204.12,EUR,243.11,5e259216-e463-4e87-a14a-8967f0db9a15
19-05-2023,13:54,19-05-2023,MERLIN PROPERTIES SOCIMI SA,ES0105025003,"Compra 13 MERLIN Properties SOCIMI SA@7,56 EUR (ES0105025003)",,EUR,-98.28,EUR,447.23,5e259216-e463-4e87-a14a-8967f0db9a15
19-05-2023,11:01,19-05-2023,,,flatex Deposit,,EUR,300.00,EUR,545.51,
05-05-2023,17:19,05-05-2023,,,"Transferir a su Cuenta de Efectivo en flatexDEGIRO Bank: 0,17 EUR",,,,EUR,245.51,
05-05-2023,17:19,05-05-2023,FLATEX EURO BANKACCOUNT,NLFLATEXACNT,Degiro Cash Sweep Transfer,,EUR,-0.17,EUR,245.34,
05-05-2023,05:30,02-05-2023,IBERDROLA,ES0144580Y14,Dividendo,,EUR,0.21,EUR,245.51,
05-05-2023,05:30,02-05-2023,IBERDROLA,ES0144580Y14,Retención del dividendo,,EUR,-0.04,EUR,245.30,
03-05-2023,11:49,02-05-2023,,,"Transferir desde su Cuenta de Efectivo en flatexDEGIRO Bank: 306,3 EUR",,,,EUR,245.34,
03-05-2023,11:49,02-05-2023,FLATEX EURO BANKACCOUNT,NLFLATEXACNT,Degiro Cash Sweep Transfer,,EUR,306.30,EUR,551.64,
02-05-2023,18:01,02-05-2023,NINTENDO CO LTD,JP3756600007,Costes de transacción y/o externos de DEGIRO,,EUR,-3.90,EUR,245.34,02ddb8dd-0e3b-4eca-adbe-d29398c6ce65
02-05-2023,18:01,02-05-2023,NINTENDO CO LTD,JP3756600007,"Compra 8 Nintendo Co Ltd@37,8 EUR (JP3756600007)",,EUR,-302.40,EUR,249.24,02ddb8dd-0e3b-4eca-adbe-d29398c6ce65
02-05-2023,17:19,02-05-2023,,,Transferir a su Cuenta de Efectivo en flatexDEGIRO Bank: 244 EUR,,,,EUR,551.64,
02-05-2023,17:19,02-05-2023,FLATEX EURO BANKACCOUNT,NLFLATEXACNT,Degiro Cash Sweep Transfer,,EUR,-244.00,EUR,307.64,
02-05-2023,09:25,02-05-2023,INTERNATIONAL CONSOLIDATED AIRLINES,ES0177542018,Costes de transacción y/o externos de DEGIRO,,EUR,-1.00,EUR,551.64,254b6562-3d35-48fe-ba3a-09b53f50109b
02-05-2023,09:25,02-05-2023,INTERNATIONAL CONSOLIDATED AIRLINES,ES0177542018,"Venta 140 International Consolidated Airlines Group SA@1,75 EUR (ES0177542018)",,EUR,245.00,EUR,552.64,254b6562-3d35-48fe-ba3a-09b53f50109b
26-04-2023,17:20,26-04-2023,,,"Transferir desde su Cuenta de Efectivo en flatexDEGIRO Bank: 198,89 EUR",,,,EUR,307.64,
26-04-2023,17:20,26-04-2023,FLATEX EURO BANKACCOUNT,NLFLATEXACNT,Degiro Cash Sweep Transfer,,EUR,198.89,EUR,506.53,
26-04-2023,09:45,26-04-2023,MERLIN PROPERTIES SOCIMI SA,ES0105025003,Spanish Transaction Tax,,EUR,-0.40,EUR,307.64,c781cdf1-f3d3-46b5-95b9-5eb27f6c9d31
26-04-2023,09:45,26-04-2023,MERLIN PROPERTIES SOCIMI SA,ES0105025003,Costes de transacción y/o externos de DEGIRO,,EUR,-1.00,EUR,308.04,c781cdf1-f3d3-46b5-95b9-5eb27f6c9d31
26-04-2023,09:45,26-04-2023,MERLIN PROPERTIES SOCIMI SA,ES0105025003,"Compra 26 MERLIN Properties SOCIMI SA@7,7 EUR (ES0105025003)",,EUR,-200.20,EUR,309.04,c781cdf1-f3d3-46b5-95b9-5eb27f6c9d31
25-04-2023,07:34,24-04-2023,,,Ingreso Cambio de Divisa,,EUR,2.71,EUR,509.24,
25-04-2023,07:34,24-04-2023,,,Retirada Cambio de Divisa,1.1074,USD,-3.00,USD,0.00,
24-04-2023,07:09,21-04-2023,DOLE PLC,IE0003LFZ4U7,Dividendo,,USD,4.00,USD,3.00,
24-04-2023,07:09,21-04-2023,DOLE PLC,IE0003LFZ4U7,Retención del dividendo,,USD,-1.00,USD,-1.00,
19-04-2023,11:11,19-04-2023,,,flatex Deposit,,EUR,300.00,EUR,506.53,
05-04-2023,17:34,05-04-2023,,,Transferir a su Cuenta de Efectivo en flatexDEGIRO Bank: 8 EUR,,,,EUR,206.53,
05-04-2023,17:34,05-04-2023,FLATEX EURO BANKACCOUNT,NLFLATEXACNT,Degiro Cash Sweep Transfer,,EUR,-8.00,EUR,198.53,
05-04-2023,05:14,03-04-2023,EBRO FOODS,ES0112501012,Dividendo,,EUR,9.88,EUR,206.53,
05-04-2023,05:14,03-04-2023,EBRO FOODS,ES0112501012,Retención del dividendo,,EUR,-1.88,EUR,196.65,
05-04-2023,01:50,04-04-2023,,,"Transferir desde su Cuenta de Efectivo en flatexDEGIRO Bank: 2,5 EUR",,,,EUR,198.53,
05-04-2023,01:50,04-04-2023,FLATEX EURO BANKACCOUNT,NLFLATEXACNT,Degiro Cash Sweep Transfer,,EUR,2.50,EUR,201.03,
04-04-2023,08:20,31-03-2023,,,Comisión de conectividad con el mercado 2023 (Euronext Amsterdam - EAM),,EUR,-2.50,EUR,198.53,
02-04-2023,09:01,31-03-2023,,,Flatex Interest Income,,EUR,0.00,EUR,201.03,
31-03-2023,13:20,30-03-2023,,,"Transferir a su Cuenta de Efectivo en flatexDEGIRO Bank: 1,57 EUR",,,,EUR,201.03,
31-03-2023,13:20,30-03-2023,FLATEX EURO BANKACCOUNT,NLFLATEXACNT,Degiro Cash Sweep Transfer,,EUR,-1.57,EUR,199.46,
30-03-2023,13:51,29-03-2023,,,Ingreso Cambio de Divisa,,EUR,1.57,EUR,201.03,
30-03-2023,13:51,29-03-2023,,,Retirada Cambio de Divisa,1.0871,USD,-1.71,USD,0.00,
30-03-2023,09:44,29-03-2023,VANGUARD S&P 500 UCITS ETF USD,IE00B3XXRP09,Dividendo,,USD,1.71,USD,1.71,
20-03-2023,17:34,20-03-2023,,,"Transferir desde su Cuenta de Efectivo en flatexDEGIRO Bank: 410,01 EUR",,,,EUR,199.46,
20-03-2023,17:34,20-03-2023,FLATEX EURO BANKACCOUNT,NLFLATEXACNT,Degiro Cash Sweep Transfer,,EUR,410.01,EUR,609.47,
20-03-2023,09:19,20-03-2023,MERLIN PROPERTIES SOCIMI SA,ES0105025003,Spanish Transaction Tax,,EUR,-0.40,EUR,199.46,86584eff-3210-45cf-8556-390b1660b4db
20-03-2023,09:19,20-03-2023,MERLIN PROPERTIES SOCIMI SA,ES0105025003,Costes de transacción y/o externos de DEGIRO,,EUR,-1.00,EUR,199.86,86584eff-3210-45cf-8556-390b1660b4db
20-03-2023,09:19,20-03-2023,MERLIN PROPERTIES SOCIMI SA,ES0105025003,Compra 25 MERLIN Properties SOCIMI SA@8 EUR (ES0105025003),,EUR,-200.00,EUR,200.86,86584eff-3210-45cf-8556-390b1660b4db
20-03-2023,09:13,20-03-2023,INTERNATIONAL CONSOLIDATED AIRLINES,ES0177542018,Spanish Transaction Tax,,EUR,-0.41,EUR,400.86,379cd2ff-1648-454f-90d5-457d6076fbeb
20-03-2023,09:13,20-03-2023,INTERNATIONAL CONSOLIDATED AIRLINES,ES0177542018,Costes de transacción y/o externos de DEGIRO,,EUR,-1.00,EUR,401.27,379cd2ff-1648-454f-90d5-457d6076fbeb
20-03-2023,09:13,20-03-2023,INTERNATIONAL CONSOLIDATED AIRLINES,ES0177542018,"Compra 140 International Consolidated Airlines Group SA@1,48 EUR (ES0177542018)",,EUR,-207.20,EUR,402.27,379cd2ff-1648-454f-90d5-457d6076fbeb
14-03-2023,16:49,14-03-2023,,,"Transferir a su Cuenta de Efectivo en flatexDEGIRO Bank: 151,25 EUR",,,,EUR,609.47,
14-03-2023,16:49,14-03-2023,FLATEX EURO BANKACCOUNT,NLFLATEXACNT,Degiro Cash Sweep Transfer,,EUR,-151.25,EUR,458.22,
14-03-2023,13:39,14-03-2023,AENA SME SA,ES0105046009,Costes de transacción y/o externos de DEGIRO,,EUR,-1.00,EUR,609.47,f1d1f1d3-b484-42b8-b93b-c3ba5b6fe58a
14-03-2023,13:39,14-03-2023,AENA SME SA,ES0105046009,"Venta 1 Aena SME SA@152,25 EUR (ES0105046009)",,EUR,152.25,EUR,610.47,f1d1f1d3-b484-42b8-b93b-c3ba5b6fe58a
13-03-2023,16:49,13-03-2023,,,"Transferir desde su Cuenta de Efectivo en flatexDEGIRO Bank: 463,92 EUR",,,,EUR,458.22,
13-03-2023,16:49,13-03-2023,FLATEX EURO BANKACCOUNT,NLFLATEXACNT,Degiro Cash Sweep Transfer,,EUR,463.92,EUR,922.14,
13-03-2023,10:27,13-03-2023,REDEIA,ES0173093024,Spanish Transaction Tax,,EUR,-0.92,EUR,458.22,3bf20a3d-85f4-495f-ab58-dbddf56e55a0
13-03-2023,10:27,13-03-2023,REDEIA,ES0173093024,Costes de transacción y/o externos de DEGIRO,,EUR,-1.00,EUR,459.14,3bf20a3d-85f4-495f-ab58-dbddf56e55a0
13-03-2023,10:27,13-03-2023,REDEIA,ES0173093024,"Compra 30 Redeia@15,4 EUR (ES0173093024)",,EUR,-462.00,EUR,460.14,3bf20a3d-85f4-495f-ab58-dbddf56e55a0
10-03-2023,17:49,10-03-2023,,,"Transferir desde su Cuenta de Efectivo en flatexDEGIRO Bank: 418,92 EUR",,,,EUR,922.14,
10-03-2023,17:49,10-03-2023,FLATEX EURO BANKACCOUNT,NLFLATEXACNT,Degiro Cash Sweep Transfer,,EUR,418.92,EUR,1341.06,
10-03-2023,09:05,10-03-2023,VANGUARD S&P 500 UCITS ETF USD,IE00B3XXRP09,"Compra 6 Vanguard S&P 500 UCITS ETF USD@69,819 EUR (IE00B3XXRP09)",,EUR,-418.91,EUR,922.14,5fec8d30-1332-4dbd-b18d-11a45d1eff16
06-03-2023,11:21,06-03-2023,,,flatex Deposit,,EUR,600.00,EUR,1341.06,
02-03-2023,12:20,01-03-2023,,,"Transferir desde su Cuenta de Efectivo en flatexDEGIRO Bank: 2,5 EUR",,,,EUR,741.06,
02-03-2023,12:20,01-03-2023,FLATEX EURO BANKACCOUNT,NLFLATEXACNT,Degiro Cash Sweep Transfer,,EUR,2.50,EUR,743.56,
01-03-2023,15:07,28-02-2023,,,Comisión de conectividad con el mercado 2023 (Xetra - XET),,EUR,-2.50,EUR,741.06,
23-02-2023,09:55,22-02-2023,,,Transferir desde su Cuenta de Efectivo en flatexDEGIRO Bank: 119 EUR,,,,EUR,743.56,
23-02-2023,09:55,22-02-2023,FLATEX EURO BANKACCOUNT,NLFLATEXACNT,Degiro Cash Sweep Transfer,,EUR,119.00,EUR,862.56,
22-02-2023,16:34,22-02-2023,,,"Transferir desde su Cuenta de Efectivo en flatexDEGIRO Bank: 446,89 EUR",,,,EUR,743.56,
22-02-2023,16:34,22-02-2023,FLATEX EURO BANKACCOUNT,NLFLATEXACNT,Degiro Cash Sweep Transfer,,EUR,446.89,EUR,1190.45,
22-02-2023,16:04,22-02-2023,ISHARES MSCI CHINA A UCITS ETF USD (ACC),IE00BQT3WG13,"Compra 25 iShares MSCI China A UCITS ETF USD (Acc)@4,76 EUR (IE00BQT3WG13)",,EUR,-119.00,EUR,743.56,a9646076-0a41-4e7f-85e7-1339f1345171
22-02-2023,09:40,22-02-2023,MERLIN PROPERTIES SOCIMI SA,ES0105025003,Spanish Transaction Tax,,EUR,-0.89,EUR,862.56,748921b0-d557-46d1-bc67-dba8bc6a81ed
22-02-2023,09:40,22-02-2023,MERLIN PROPERTIES SOCIMI SA,ES0105025003,Costes de transacción y/o externos de DEGIRO,,EUR,-1.00,EUR,863.45,748921b0-d557-46d1-bc67-dba8bc6a81ed
22-02-2023,09:40,22-02-2023,MERLIN PROPERTIES SOCIMI SA,ES0105025003,"Compra 50 MERLIN Properties SOCIMI SA@8,9 EUR (ES0105025003)",,EUR,-445.00,EUR,864.45,748921b0-d557-46d1-bc67-dba8bc6a81ed
17-02-2023,11:49,16-02-2023,,,"Transferir a su Cuenta de Efectivo en flatexDEGIRO Bank: 861,5 EUR",,,,EUR,1309.45,
17-02-2023,11:49,16-02-2023,FLATEX EURO BANKACCOUNT,NLFLATEXACNT,Degiro Cash Sweep Transfer,,EUR,-861.50,EUR,447.95,
16-02-2023,15:17,16-02-2023,AMADEUS IT GROUP,ES0109067019,Costes de transacción y/o externos de DEGIRO,,EUR,-1.00,EUR,1309.45,bbd658a2-a9bd-4fc7-92da-c9ef363e897c
16-02-2023,15:17,16-02-2023,AMADEUS IT GROUP,ES0109067019,"Venta 15 Amadeus IT Group@57,5 EUR (ES0109067019)",,EUR,862.50,EUR,1310.45,bbd658a2-a9bd-4fc7-92da-c9ef363e897c
30-01-2023,16:49,30-01-2023,,,"Transferir a su Cuenta de Efectivo en flatexDEGIRO Bank: 23,08 EUR",,,,EUR,447.95,
30-01-2023,16:49,30-01-2023,FLATEX EURO BANKACCOUNT,NLFLATEXACNT,Degiro Cash Sweep Transfer,,EUR,-23.08,EUR,424.87,
29-01-2023,03:00,27-01-2023,ACERINOX,ES0132105018,Dividendo,,EUR,28.50,EUR,447.95,
29-01-2023,03:00,27-01-2023,ACERINOX,ES0132105018,Retención del dividendo,,EUR,-5.42,EUR,419.45,
26-01-2023,10:19,25-01-2023,,,Transferir a su Cuenta de Efectivo en flatexDEGIRO Bank: 419 EUR,,,,EUR,424.87,
26-01-2023,10:19,25-01-2023,FLATEX EURO BANKACCOUNT,NLFLATEXACNT,Degiro Cash Sweep Transfer,,EUR,-419.00,EUR,5.87,
25-01-2023,15:29,25-01-2023,AENA SME SA,ES0105046009,Costes de transacción y/o externos de DEGIRO,,EUR,-1.00,EUR,424.87,efb97ba4-f225-493b-ab9a-fef066cb3950
25-01-2023,15:29,25-01-2023,AENA SME SA,ES0105046009,Venta 3 Aena SME SA@140 EUR (ES0105046009),,EUR,420.00,EUR,425.87,efb97ba4-f225-493b-ab9a-fef066cb3950
20-01-2023,09:50,19-01-2023,,,"Transferir desde su Cuenta de Efectivo en flatexDEGIRO Bank: 97,99 EUR",,,,EUR,5.87,
20-01-2023,09:50,19-01-2023,FLATEX EURO BANKACCOUNT,NLFLATEXACNT,Degiro Cash Sweep Transfer,,EUR,97.99,EUR,103.86,
19-01-2023,17:04,19-01-2023,MERLIN PROPERTIES SOCIMI SA,ES0105025003,Spanish Transaction Tax,,EUR,-0.19,EUR,5.87,bea2884b-3b8f-4d2d-997e-bcfbcd3ab6fe
19-01-2023,17:04,19-01-2023,MERLIN PROPERTIES SOCIMI SA,ES0105025003,Costes de transacción y/o externos de DEGIRO,,EUR,-1.00,EUR,6.06,bea2884b-3b8f-4d2d-997e-bcfbcd3ab6fe
19-01-2023,17:04,19-01-2023,MERLIN PROPERTIES SOCIMI SA,ES0105025003,"Compra 11 MERLIN Properties SOCIMI SA@8,8 EUR (ES0105025003)",,EUR,-96.80,EUR,7.06,bea2884b-3b8f-4d2d-997e-bcfbcd3ab6fe
16-01-2023,10:34,13-01-2023,,,"Transferir desde su Cuenta de Efectivo en flatexDEGIRO Bank: 246,74 EUR",,,,EUR,103.86,
16-01-2023,10:34,13-01-2023,FLATEX EURO BANKACCOUNT,NLFLATEXACNT,Degiro Cash Sweep Transfer,,EUR,246.74,EUR,350.60,
13-01-2023,17:17,13-01-2023,ENAGAS,ES0130960018,Spanish Transaction Tax,,EUR,-0.49,EUR,103.86,fc59c86d-318f-4cd1-8b4e-93a074972fa2
13-01-2023,17:17,13-01-2023,ENAGAS,ES0130960018,Costes de transacción y/o externos de DEGIRO,,EUR,-1.00,EUR,104.35,fc59c86d-318f-4cd1-8b4e-93a074972fa2
13-01-2023,17:17,13-01-2023,ENAGAS,ES0130960018,"Compra 15 Enagas@16,35 EUR (ES0130960018)",,EUR,-245.25,EUR,105.35,fc59c86d-318f-4cd1-8b4e-93a074972fa2
11-01-2023,17:33,11-01-2023,,,"Transferir a su Cuenta de Efectivo en flatexDEGIRO Bank: 2,79 EUR",,,,EUR,350.60,
11-01-2023,17:33,11-01-2023,FLATEX EURO BANKACCOUNT,NLFLATEXACNT,Degiro Cash Sweep Transfer,,EUR,-2.79,EUR,347.81,
11-01-2023,07:32,10-01-2023,,,Ingreso Cambio de Divisa,,EUR,2.79,EUR,350.60,
11-01-2023,07:32,10-01-2023,,,Retirada Cambio de Divisa,1.0760,USD,-3.00,USD,0.00,
10-01-2023,07:22,06-01-2023,DOLE PLC,IE0003LFZ4U7,Dividendo,,USD,4.00,USD,3.00,
10-01-2023,07:22,06-01-2023,DOLE PLC,IE0003LFZ4U7,Retención del dividendo,,USD,-1.00,USD,-1.00,
09-01-2023,17:49,09-01-2023,,,"Transferir a su Cuenta de Efectivo en flatexDEGIRO Bank: 6,55 EUR",,,,EUR,347.81,
09-01-2023,17:49,09-01-2023,FLATEX EURO BANKACCOUNT,NLFLATEXACNT,Degiro Cash Sweep Transfer,,EUR,-6.55,EUR,341.26,
09-01-2023,11:46,09-01-2023,IBERDROLA SA RTS,ES06445809P3,Costes de transacción y/o externos de DEGIRO,,EUR,-1.00,EUR,347.81,a2534bbc-401b-422b-8cae-78d6b8d97c6b
09-01-2023,11:46,09-01-2023,IBERDROLA SA RTS,ES06445809P3,"Venta 42 IBERDROLA SA RTS@0,1796 EUR (ES06445809P3)",,EUR,7.54,EUR,348.81,a2534bbc-401b-422b-8cae-78d6b8d97c6b
06-01-2023,09:04,06-01-2023,IBERDROLA SA RTS,ES06445809P3,EMISIÓN DE DERECHOS: Compra 42 IBERDROLA SA RTS@0 EUR (ES06445809P3),,EUR,0.00,EUR,341.26,
04-01-2023,15:41,02-01-2023,,,Flatex Interest Income,,EUR,0.00,EUR,341.26,
04-01-2023,05:37,03-01-2023,,,Transferir desde su Cuenta de Efectivo en flatexDEGIRO Bank: 5 EUR,,,,EUR,341.26,
04-01-2023,05:37,03-01-2023,FLATEX EURO BANKACCOUNT,NLFLATEXACNT,Degiro Cash Sweep Transfer,,EUR,5.00,EUR,346.26,
03-01-2023,14:03,31-12-2022,,,Comisión de conectividad con el mercado 2023 (New York Stock Exchange - NSY),,EUR,-2.50,EUR,341.26,
03-01-2023,14:03,31-12-2022,,,Comisión de conectividad con el mercado 2023 (Nasdaq - NDQ),,EUR,-2.50,EUR,343.76,
