Fecha,Hora,Producto,ISIN,Bolsa de,Centro de ejecución,Número,Precio,,Valor local,,Valor,,Tipo de cambio,Costes de transacción,,Total,,ID Orden
08-11-2024,19:52,NUSCALE POWER CORP,US67079K1007,NSY,BATS,1,22.2000,USD,-22.20,USD,-20.74,EUR,1.0702,,EUR,-20.74,EUR,daae3c90-ee04-4349-8293-5b9846a1db0e
08-11-2024,19:52,NUSCALE POWER CORP,US67079K1007,NSY,BATS,7,22.2000,USD,-155.40,USD,-145.21,EUR,1.0702,-2.00,EUR,-147.21,EUR,daae3c90-ee04-4349-8293-5b9846a1db0e
23-10-2024,19:12,ADVANCED MICRO DEVICES INC,US0079031078,TDG,XGAT,5,141.0000,EUR,-705.00,EUR,-705.00,EUR,,-3.90,EUR,-708.90,EUR,df490c83-db23-4828-8032-657eb32bf342
23-10-2024,16:49,BOEING COMPANY (THE) C,US0970231058,NSY,XNAS,4,158.0000,USD,-632.00,USD,-586.71,EUR,1.0772,-2.00,EUR,-588.71,EUR,5767c343-5db5-4faa-98c9-a04cefd9a967
13-09-2024,15:30,NUSCALE POWER CORP,US67079K1007,NSY,XNYS,-58,9.1000,USD,527.80,USD,475.76,EUR,1.1094,-2.00,EUR,473.76,EUR,eb4d435c-2419-4250-bfde-fc00cb70b201
10-09-2024,16:05,AVANCE GAS HOLDING LTD,BMG067231032,TDG,XGAT,25,8.5700,EUR,-214.25,EUR,-214.25,EUR,,-3.90,EUR,-218.15,EUR,5cf5e335-8693-45d1-987f-35b8fa777f04
06-09-2024,16:12,INTEL CORPORATION - CO,US4581401001,NDQ,XNAS,15,19.0000,USD,-285.00,USD,-257.01,EUR,1.1089,-2.00,EUR,-259.01,EUR,47bc7356-b3d8-47af-afbe-4326dd6d02d9
03-09-2024,16:04,REPSOL SA,ES0173516115,MAD,XMAD,42,12.0000,EUR,-504.00,EUR,-504.00,EUR,,-2.00,EUR,-506.00,EUR,e1eac6cd-e50b-49a1-a18e-54fdc4243218
03-09-2024,15:47,NUSCALE POWER CORP,US67079K1007,NSY,XNYS,58,7.6000,USD,-440.80,USD,-398.59,EUR,1.1059,-2.00,EUR,-400.59,EUR,dea08997-b122-4a99-9bca-773469b8862d
23-08-2024,16:58,INT.AIRL.GRP,ES0177542018,MAD,MESI,-160,2.1100,EUR,337.60,EUR,337.60,EUR,,-2.00,EUR,335.60,EUR,d240de05-f618-48b4-8965-e19454b5f79e
09-08-2024,21:15,NUSCALE POWER CORP,US67079K1007,NSY,EDGX,-51,9.5000,USD,484.50,USD,443.68,EUR,1.0920,-2.00,EUR,441.68,EUR,36422a49-ea0b-4e6c-8fd3-42aa8f45b6d4
05-08-2024,15:42,NUSCALE POWER CORP,US67079K1007,NSY,XNYS,21,7.4400,USD,-156.24,USD,-142.19,EUR,1.0988,,EUR,-142.19,EUR,cc50569b-5131-4792-8624-d339ba4881a1
05-08-2024,15:42,NUSCALE POWER CORP,US67079K1007,NSY,XNYS,1,7.4400,USD,-7.44,USD,-6.77,EUR,1.0988,,EUR,-6.77,EUR,cc50569b-5131-4792-8624-d339ba4881a1
05-08-2024,15:42,NUSCALE POWER CORP,US67079K1007,NSY,XNYS,29,7.4400,USD,-215.76,USD,-196.36,EUR,1.0988,-2.00,EUR,-198.36,EUR,cc50569b-5131-4792-8624-d339ba4881a1
05-08-2024,09:00,REPSOL SA,ES0173516115,MAD,XMAD,35,12.5800,EUR,-440.30,EUR,-440.30,EUR,,-2.00,EUR,-442.30,EUR,94ed3055-c225-47e4-8638-0449337d120a
02-08-2024,12:49,NINTENDO CO LTD,JP3756600007,TDG,XGAT,7,46.0000,EUR,-322.00,EUR,-322.00,EUR,,-3.90,EUR,-325.90,EUR,42e90745-5357-462f-9a89-eacc91763c02
01-08-2024,17:22,INT.AIRL.GRP,ES0177542018,MAD,MESI,160,1.9000,EUR,-304.00,EUR,-304.00,EUR,,-2.00,EUR,-306.00,EUR,b6df67be-d2f0-4f35-b441-a4bbc9bd2c62
01-08-2024,16:47,ADR ON TAIWAN SEMICONDUCTOR MANUFACTURING CO LTD,US8740391003,TDG,XGAT,5,150.0000,EUR,-750.00,EUR,-750.00,EUR,,-3.90,EUR,-753.90,EUR,7a092c39-ba0e-45b8-91e2-ede2ad705577
24-07-2024,13:40,VANGUARD S&P500,IE00B3XXRP09,EAM,XAMS,4,96.5000,EUR,-386.00,EUR,-386.00,EUR,,-1.00,EUR,-387.00,EUR,c99aa7d4-131d-4ca6-8ae9-a4e1a9f852d1
16-07-2024,20:31,HUGO BOSS AG,DE000A1PHFF7,TDG,XGAT,13,37.3100,EUR,-485.03,EUR,-485.03,EUR,,-3.90,EUR,-488.93,EUR,f1bec927-a59a-44ae-8db7-351b6e977c0e
02-07-2024,15:34,BYD CO LTD,CNE100000296,TDG,XGAT,25,27.2000,EUR,-680.00,EUR,-680.00,EUR,,-3.90,EUR,-683.90,EUR,734c73c9-2b69-458e-908e-b5f390c82da6
02-07-2024,10:52,ENAGAS SA,ES0130960018,MAD,MESI,30,13.0000,EUR,-390.00,EUR,-390.00,EUR,,-2.00,EUR,-392.00,EUR,9c18bb0e-c251-4d2e-84b3-3cec2717fae2
19-06-2024,15:41,PAYPAL HOLDINGS INC,US70450Y1038,TDG,XGAT,12,54.4900,EUR,-653.88,EUR,-653.88,EUR,,-3.90,EUR,-657.78,EUR,d881c22d-e952-44c1-95e5-e0923a32dc1a
13-06-2024,17:44,AVANCE GAS HOLDING LTD,BMG067231032,TDG,XGAT,20,13.9600,EUR,-279.20,EUR,-279.20,EUR,,-3.90,EUR,-283.10,EUR,e27a9c32-03d1-48d7-b863-a94ae6d79569
07-06-2024,21:49,NUSCALE POWER CORP,US67079K1007,NSY,XNYS,-60,8.0000,USD,480.00,USD,444.36,EUR,1.0802,-2.00,EUR,442.36,EUR,ebe91431-f71d-409a-be53-ada9b44eb0c1
06-06-2024,08:03,ADR ON TAIWAN SEMICONDUCTOR MANUFACTURING CO LTD,US8740391003,TDG,XGAT,-1,151.2000,EUR,151.20,EUR,151.20,EUR,,-3.90,EUR,147.30,EUR,3f173814-a26e-4225-9e13-c88a4c004660
04-06-2024,15:49,NUSCALE POWER CORP,US67079K1007,NSY,XNYS,60,7.0000,USD,-420.00,USD,-386.35,EUR,1.0871,-2.00,EUR,-388.35,EUR,3b16c0d1-2846-48a0-b94a-075e3c3d7a95
29-05-2024,14:35,HUGO BOSS AG,DE000A1PHFF7,TDG,XGAT,12,46.4700,EUR,-557.64,EUR,-557.64,EUR,,-3.90,EUR,-561.54,EUR,11aac4a7-2876-43b5-8bc3-398c143cdbf9
28-05-2024,18:25,NUSCALE POWER CORP,US67079K1007,NSY,ARCX,-80,9.1000,USD,728.00,USD,669.61,EUR,1.0872,-2.00,EUR,667.61,EUR,837ba539-3090-4273-95c3-d0fb08a03aea
28-05-2024,16:58,NUSCALE POWER CORP,US67079K1007,NSY,JNST,80,8.4200,USD,-673.60,USD,-619.46,EUR,1.0874,-2.00,EUR,-621.46,EUR,9efa462a-409b-4c7b-892a-e3abea208912
22-05-2024,14:37,AVANCE GAS HOLDING LTD,BMG067231032,TDG,XGAT,17,17.8000,EUR,-302.60,EUR,-302.60,EUR,,-3.90,EUR,-306.50,EUR,ff316f11-0283-4e3b-a155-0e56b3ee0176
06-05-2024,15:26,INT.AIRL.GRP,ES0177542018,MAD,MESI,-111,2.1300,EUR,236.43,EUR,236.43,EUR,,,EUR,236.43,EUR,20a41c67-5db6-47fd-8b2d-462abc47b204
06-05-2024,15:26,INT.AIRL.GRP,ES0177542018,MAD,XMAD,-112,2.1300,EUR,238.56,EUR,238.56,EUR,,-2.00,EUR,236.56,EUR,20a41c67-5db6-47fd-8b2d-462abc47b204
05-03-2024,09:06,PESCANOVA,ES0169350016,MAD,XMAD,-260,0.4300,EUR,111.80,EUR,111.80,EUR,,-2.00,EUR,109.80,EUR,1f3d306b-f770-4085-9ccf-1e5b4564dc2e
29-02-2024,17:05,COINBASE GLOBAL INC -CLASS A,US19260Q1076,NDQ,CDED,1,200.4400,USD,-200.44,USD,-185.22,EUR,1.0822,-2.00,EUR,-187.22,EUR,1a1c48b2-e275-452b-8d2a-ad70a4b6663e
27-02-2024,15:38,INT.AIRL.GRP,ES0177542018,MAD,MESI,-225,1.8210,EUR,409.73,EUR,409.73,EUR,,,EUR,409.73,EUR,7e7309a5-dbb3-4bbc-9d2e-4220924f42df
27-02-2024,15:38,INT.AIRL.GRP,ES0177542018,MAD,XMAD,-225,1.8210,EUR,409.73,EUR,409.73,EUR,,-2.00,EUR,407.73,EUR,7e7309a5-dbb3-4bbc-9d2e-4220924f42df
27-02-2024,15:08,ENAGAS SA,ES0130960018,MAD,MESI,15,13.3100,EUR,-199.65,EUR,-199.65,EUR,,,EUR,-199.65,EUR,4dce49a8-9f61-4f28-9f1b-76b63226998d
27-02-2024,15:08,ENAGAS SA,ES0130960018,MAD,XMAD,15,13.3100,EUR,-199.65,EUR,-199.65,EUR,,-2.00,EUR,-201.65,EUR,4dce49a8-9f61-4f28-9f1b-76b63226998d
24-01-2024,17:05,ADR ON TAIWAN SEMICONDUCTOR MANUFACTURING CO LTD,US8740391003,TDG,XGAT,-4,108.8000,EUR,435.20,EUR,435.20,EUR,,-3.90,EUR,431.30,EUR,603fe050-3fdb-45f2-b1e2-94953f62a80b
02-01-2024,09:00,IBERDROLA,ES0144580Y14,MAD,XMAD,-42,12.0000,EUR,504.00,EUR,504.00,EUR,,-2.00,EUR,502.00,EUR,c464c4c9-671a-453f-b254-07fed9da3021
02-10-2023,15:41,ENAGAS SA,ES0130960018,MAD,XMAD,16,15.5100,EUR,-248.16,EUR,-248.16,EUR,,-2.00,EUR,-250.16,EUR,905c4673-a0ea-48d6-8826-54908275ff63
21-09-2023,08:00,NINTENDO CO LTD,JP3756600007,TDG,XGAT,8,39.4300,EUR,-315.44,EUR,-315.44,EUR,,-3.90,EUR,-319.34,EUR,f1c72517-cdd0-48f1-a11b-a70e85cb57c5
07-09-2023,09:04,VANGUARD S&P500,IE00B3XXRP09,EAM,XAMS,5,78.9550,EUR,-394.78,EUR,-394.78,EUR,,-1.00,EUR,-395.78,EUR,2a7dacc2-32fd-4e71-8830-55d5fce714b5
31-07-2023,15:36,ADR ON TAIWAN SEMICONDUCTOR MANUFACTURING CO LTD,US8740391003,TDG,XGAT,5,89.9000,EUR,-449.50,EUR,-449.50,EUR,,-3.90,EUR,-453.40,EUR,0f5dfad1-44a4-4c7f-8b97-f944522d221f
28-07-2023,15:56,INT.AIRL.GRP,ES0177542018,MAD,XMAD,-140,1.9200,EUR,268.80,EUR,268.80,EUR,,-2.00,EUR,266.80,EUR,b5ad9fca-8496-495b-a3ea-0da73dd219f8
12-07-2023,09:27,IBERDROLA SA-RTS,ES06445809Q1,MAD,XMAD,-36,0.3020,EUR,10.87,EUR,10.87,EUR,,,EUR,10.87,EUR,2816c1cc-bea7-40c9-9078-d49ba4065443
12-07-2023,09:27,IBERDROLA SA-RTS,ES06445809Q1,MAD,XMAD,-1,0.3020,EUR,0.30,EUR,0.30,EUR,,,EUR,0.30,EUR,2816c1cc-bea7-40c9-9078-d49ba4065443
12-07-2023,09:27,IBERDROLA SA-RTS,ES06445809Q1,MAD,XMAD,-5,0.3020,EUR,1.51,EUR,1.51,EUR,,-2.00,EUR,-0.49,EUR,2816c1cc-bea7-40c9-9078-d49ba4065443
07-07-2023,00:00,IBERDROLA SA-RTS,ES06445809Q1,MAD,,42,0.0000,EUR,0.00,EUR,0.00,EUR,,,EUR,0.00,EUR,
29-06-2023,17:11,ENDESA SA,ES0130670112,MAD,MESI,25,19.6650,EUR,-491.63,EUR,-491.63,EUR,,-2.00,EUR,-493.63,EUR,f47528e3-d859-4327-ab58-77e05c538826
29-06-2023,17:08,SANTANDER,ES0113900J37,MAD,MESI,-100,3.3465,EUR,334.65,EUR,334.65,EUR,,-2.00,EUR,332.65,EUR,63185622-b01d-4cdc-9114-4796ec01c95b
29-06-2023,13:11,REDEIA CORPORACION SA,ES0173093024,MAD,AQEU,14,15.3200,EUR,-214.48,EUR,-214.48,EUR,,,EUR,-214.48,EUR,3ce42014-9a67-497a-aefa-87703d2fab77
29-06-2023,13:11,REDEIA CORPORACION SA,ES0173093024,MAD,XMAD,6,15.3200,EUR,-91.92,EUR,-91.92,EUR,,-2.00,EUR,-93.92,EUR,3ce42014-9a67-497a-aefa-87703d2fab77
23-06-2023,14:53,MAPFRE SA,ES0124244E34,MAD,XMAD,190,1.7780,EUR,-337.82,EUR,-337.82,EUR,,-2.00,EUR,-339.82,EUR,d0fd4c63-0097-40d3-ba29-a03241f20515
23-06-2023,14:27,SANTANDER,ES0113900J37,MAD,XMAD,100,3.0750,EUR,-307.50,EUR,-307.50,EUR,,-2.00,EUR,-309.50,EUR,0b74ea40-fe63-4ac0-a3d4-f49a23da6ab3
25-05-2023,16:14,ISHARES MSCI CHINA A UCITS ETF USD (ACC),IE00BQT3WG13,XET,XETA,25,4.2400,EUR,-106.00,EUR,-106.00,EUR,,-1.00,EUR,-107.00,EUR,d9e734f1-c2d6-4701-b974-91034e623759
19-05-2023,13:54,MERLIN PROPERTIES SOCIMI SA,ES0105025003,MAD,MESI,27,7.5600,EUR,-204.12,EUR,-204.12,EUR,,,EUR,-204.12,EUR,5e259216-e463-4e87-a14a-8967f0db9a15
19-05-2023,13:54,MERLIN PROPERTIES SOCIMI SA,ES0105025003,MAD,XMAD,13,7.5600,EUR,-98.28,EUR,-98.28,EUR,,-2.00,EUR,-100.28,EUR,5e259216-e463-4e87-a14a-8967f0db9a15
02-05-2023,18:01,NINTENDO CO LTD,JP3756600007,TDG,XGAT,8,37.8000,EUR,-302.40,EUR,-302.40,EUR,,-3.90,EUR,-306.30,EUR,02ddb8dd-0e3b-4eca-adbe-d29398c6ce65
02-05-2023,09:25,INT.AIRL.GRP,ES0177542018,MAD,XMAD,-140,1.7500,EUR,245.00,EUR,245.00,EUR,,-1.00,EUR,244.00,EUR,254b6562-3d35-48fe-ba3a-09b53f50109b
26-04-2023,09:45,MERLIN PROPERTIES SOCIMI SA,ES0105025003,MAD,XMAD,26,7.7000,EUR,-200.20,EUR,-200.20,EUR,,-1.00,EUR,-201.20,EUR,c781cdf1-f3d3-46b5-95b9-5eb27f6c9d31
20-03-2023,09:19,MERLIN PROPERTIES SOCIMI SA,ES0105025003,MAD,XMAD,25,8.0000,EUR,-200.00,EUR,-200.00,EUR,,-1.00,EUR,-201.00,EUR,86584eff-3210-45cf-8556-390b1660b4db
20-03-2023,09:13,INT.AIRL.GRP,ES0177542018,MAD,XMAD,140,1.4800,EUR,-207.20,EUR,-207.20,EUR,,-1.00,EUR,-208.20,EUR,379cd2ff-1648-454f-90d5-457d6076fbeb
14-03-2023,13:39,AENA SA,ES0105046009,MAD,MESI,-1,152.2500,EUR,152.25,EUR,152.25,EUR,,-1.00,EUR,151.25,EUR,f1d1f1d3-b484-42b8-b93b-c3ba5b6fe58a
13-03-2023,10:27,REDEIA CORPORACION SA,ES0173093024,MAD,XMAD,30,15.4000,EUR,-462.00,EUR,-462.00,EUR,,-1.00,EUR,-463.00,EUR,3bf20a3d-85f4-495f-ab58-dbddf56e55a0
10-03-2023,09:05,VANGUARD S&P500,IE00B3XXRP09,EAM,XAMS,6,69.8190,EUR,-418.91,EUR,-418.91,EUR,,,EUR,-418.91,EUR,5fec8d30-1332-4dbd-b18d-11a45d1eff16
22-02-2023,16:04,ISHARES MSCI CHINA A UCITS ETF USD (ACC),IE00BQT3WG13,XET,XETA,25,4.7600,EUR,-119.00,EUR,-119.00,EUR,,,EUR,-119.00,EUR,a9646076-0a41-4e7f-85e7-1339f1345171
22-02-2023,09:40,MERLIN PROPERTIES SOCIMI SA,ES0105025003,MAD,XMAD,50,8.9000,EUR,-445.00,EUR,-445.00,EUR,,-1.00,EUR,-446.00,EUR,748921b0-d557-46d1-bc67-dba8bc6a81ed
16-02-2023,15:17,AMADEUS IT,ES0109067019,MAD,MESI,-15,57.5000,EUR,862.50,EUR,862.50,EUR,,-1.00,EUR,861.50,EUR,bbd658a2-a9bd-4fc7-92da-c9ef363e897c
25-01-2023,15:29,AENA SA,ES0105046009,MAD,XMAD,-3,140.0000,EUR,420.00,EUR,420.00,EUR,,-1.00,EUR,419.00,EUR,efb97ba4-f225-493b-ab9a-fef066cb3950
19-01-2023,17:04,MERLIN PROPERTIES SOCIMI SA,ES0105025003,MAD,XMAD,11,8.8000,EUR,-96.80,EUR,-96.80,EUR,,-1.00,EUR,-97.80,EUR,bea2884b-3b8f-4d2d-997e-bcfbcd3ab6fe
13-01-2023,17:17,ENAGAS SA,ES0130960018,MAD,XMAD,15,16.3500,EUR,-245.25,EUR,-245.25,EUR,,-1.00,EUR,-246.25,EUR,fc59c86d-318f-4cd1-8b4e-93a074972fa2
09-01-2023,11:46,IBERDROLA SA RTS,ES06445809P3,MAD,XMAD,-42,0.1796,EUR,7.54,EUR,7.54,EUR,,-1.00,EUR,6.54,EUR,a2534bbc-401b-422b-8cae-78d6b8d97c6b
06-01-2023,00:00,IBERDROLA SA RTS,ES06445809P3,MAD,,42,0.0000,EUR,0.00,EUR,0.00,EUR,,,EUR,0.00,EUR,
19-12-2022,17:29,PESCANOVA,ES0169350016,MAD,XMAD,260,0.3750,EUR,-97.50,EUR,-97.50,EUR,,-1.00,EUR,-98.50,EUR,9172c6ad-aa57-4adf-af2e-c5f1b02d0fc9
15-09-2022,12:43,ACERINOX,ES0132105018,MAD,XMAD,41,8.5300,EUR,-349.73,EUR,-349.73,EUR,,-1.00,EUR,-350.73,EUR,982dc3d7-b4c1-46f2-a584-83bd5f5cc124
31-08-2022,11:08,FERROVIAL,ES0118900010,MAD,MESI,-15,25.1300,EUR,376.95,EUR,376.95,EUR,,-0.50,EUR,376.45,EUR,3ce190bd-ce77-41a1-b3f0-b4eed8f82f59
31-08-2022,10:51,REPSOL SA,ES0173516115,MAD,MESI,-40,13.0000,EUR,520.00,EUR,520.00,EUR,,-0.50,EUR,519.50,EUR,bacecc20-5e29-42ce-95fd-33c6eb8de039
30-08-2022,17:03,REDEIA CORPORACION SA,ES0173093024,MAD,MESI,-47,18.9000,EUR,888.30,EUR,888.30,EUR,,-0.50,EUR,887.80,EUR,f8e05ea3-8b07-45c4-afad-e9ff9a2e7b9a
29-08-2022,15:32,NATURGY ENERGY GROUP SA,ES0116870314,MAD,MESI,-5,28.4600,EUR,142.30,EUR,142.30,EUR,,-0.50,EUR,141.80,EUR,eba1304b-f907-4332-a6e2-6afb4be79d64
11-07-2022,12:21,IBERDROLA SA-RTS,ES06445809O6,MAD,XMAD,-42,0.2780,EUR,11.68,EUR,11.68,EUR,,-0.50,EUR,11.18,EUR,de12508b-debf-4bda-8a39-d2de1d8ad58a
08-07-2022,00:00,IBERDROLA SA-RTS,ES06445809O6,MAD,,42,0.0000,EUR,0.00,EUR,0.00,EUR,,,EUR,0.00,EUR,
29-06-2022,09:00,ACERINOX,ES0132105018,MAD,XMAD,54,9.6500,EUR,-521.10,EUR,-521.10,EUR,,-0.50,EUR,-521.60,EUR,7818b5cb-0f6d-437b-a1b3-5742bc32e876
30-05-2022,10:44,FERROVIAL SA-RTS - NON TRADEABLE,ES06189009J3,DEG,,-15,0.0000,EUR,0.00,EUR,0.00,EUR,,,EUR,0.00,EUR,
18-05-2022,00:00,FERROVIAL SA-RTS - NON TRADEABLE,ES06189009J3,DEG,,15,0.0000,EUR,0.00,EUR,0.00,EUR,,,EUR,0.00,EUR,
18-05-2022,00:00,FERROVIAL SA-RTS,ES06189009J3,MAD,,-15,0.0000,EUR,0.00,EUR,0.00,EUR,,,EUR,0.00,EUR,
11-05-2022,11:23,FERROVIAL SA-RTS,ES06189009J3,MAD,,15,0.0000,EUR,0.00,EUR,0.00,EUR,,,EUR,0.00,EUR,
11-05-2022,11:23,FERROVIAL - NON TRADEABLE,ES06189009J3,DEG,,-15,0.0000,EUR,0.00,EUR,0.00,EUR,,,EUR,0.00,EUR,
11-05-2022,00:00,FERROVIAL - NON TRADEABLE,ES06189009J3,DEG,,15,0.0000,EUR,0.00,EUR,0.00,EUR,,,EUR,0.00,EUR,
22-04-2022,09:00,REPSOL SA,ES0173516115,MAD,MESI,-42,13.2950,EUR,558.39,EUR,558.39,EUR,,-0.50,EUR,557.89,EUR,57efb678-6f54-4638-b2d6-bfcb2b30f149
04-02-2022,10:04,IBERDROLA - NON TRADEABLE,ES0144583251,DEG,,-1,0.0000,EUR,0.00,EUR,0.00,EUR,,,EUR,0.00,EUR,
04-02-2022,10:04,IBERDROLA,ES0144580Y14,MAD,,1,0.0000,EUR,0.00,EUR,0.00,EUR,,,EUR,0.00,EUR,
01-02-2022,00:00,IBERDROLA - NON TRADEABLE,ES0144583251,DEG,,1,0.0000,EUR,0.00,EUR,0.00,EUR,,,EUR,0.00,EUR,
01-02-2022,00:00,IBERDROLA SA-RTS,ES06445809N8,MAD,,-60,0.0000,EUR,0.00,EUR,0.00,EUR,,,EUR,0.00,EUR,
17-01-2022,10:44,IBERDROLA SA-RTS,ES06445809N8,MAD,XMAD,19,0.1664,EUR,-3.16,EUR,-3.16,EUR,,-0.50,EUR,-3.66,EUR,2fe4c597-b230-4726-b306-616cf90ba5e9
10-01-2022,00:00,IBERDROLA SA-RTS,ES06445809N8,MAD,,41,0.0000,EUR,0.00,EUR,0.00,EUR,,,EUR,0.00,EUR,
16-12-2021,16:30,FERROVIAL - NON TRADEABLE,ES06189009I5,DEG,,-15,0.0000,EUR,0.00,EUR,0.00,EUR,,,EUR,0.00,EUR,
26-11-2021,13:52,INT.AIRL.GRP,ES0177542018,MAD,XMAD,300,1.5650,EUR,-469.50,EUR,-469.50,EUR,,,EUR,-469.50,EUR,6f0f03cb-d1c5-4857-9382-f6c7cf21d9e8
23-11-2021,17:33,DOLE PLC,IE0003LFZ4U7,NSY,XNYS,50,13.4200,USD,-671.00,USD,-595.55,EUR,1.1267,,EUR,-595.55,EUR,10e20c93-7c9f-4a65-b00f-6ce0118481fd
10-11-2021,00:00,FERROVIAL - NON TRADEABLE,ES06189009I5,DEG,,15,0.0000,EUR,0.00,EUR,0.00,EUR,,,EUR,0.00,EUR,
10-11-2021,00:00,FERROVIAL SA-RTS,ES06189009I5,MAD,,-15,0.0000,EUR,0.00,EUR,0.00,EUR,,,EUR,0.00,EUR,
03-11-2021,00:00,FERROVIAL SA-RTS,ES06189009I5,MAD,,15,0.0000,EUR,0.00,EUR,0.00,EUR,,,EUR,0.00,EUR,
19-10-2021,12:50,INT.AIRL.GRP,ES0177542018,MAD,MESI,150,1.9950,EUR,-299.25,EUR,-299.25,EUR,,-2.15,EUR,-301.40,EUR,964b36b7-dd96-4efe-b5b5-dce11dc3ccdb
28-09-2021,10:34,EBRO FOODS,ES0112501012,MAD,XMAD,30,16.6400,EUR,-499.20,EUR,-499.20,EUR,,-2.25,EUR,-501.45,EUR,ab5608e6-ac7a-4e3a-a07b-f31f75a5aca4
13-09-2021,15:38,INT.AIRL.GRP,ES0177542018,MAD,MESI,400,1.7000,EUR,-680.00,EUR,-680.00,EUR,,-2.34,EUR,-682.34,EUR,2d68c5f8-cbcd-4604-bc90-03809bbf831d
06-09-2021,11:33,AMADEUS IT,ES0109067019,MAD,XMAD,15,51.4000,EUR,-771.00,EUR,-771.00,EUR,,-2.39,EUR,-773.39,EUR,59bd13c1-8e99-40ce-8606-0402c001733c
13-08-2021,00:00,IBERDROLA,ES0144580Y14,MAD,,1,0.0000,EUR,0.00,EUR,0.00,EUR,,,EUR,0.00,EUR,
13-08-2021,00:00,IBERDROLA SA-RTS,ES06445809M0,MAD,,-40,0.0000,EUR,0.00,EUR,0.00,EUR,,,EUR,0.00,EUR,
19-07-2021,10:31,INT.AIRL.GRP,ES0177542018,MAD,MESI,30,1.8780,EUR,-56.34,EUR,-56.34,EUR,,-2.03,EUR,-58.37,EUR,14503f7a-1481-4d21-b894-2647067a5096
19-07-2021,10:30,INT.AIRL.GRP,ES0177542018,MAD,MESI,65,1.8775,EUR,-122.04,EUR,-122.04,EUR,,-2.06,EUR,-124.10,EUR,9e2c628c-3703-4492-9b95-80a5e66f09f8
14-07-2021,09:01,INT.AIRL.GRP,ES0177542018,MAD,XMAD,110,2.0000,EUR,-220.00,EUR,-220.00,EUR,,-2.11,EUR,-222.11,EUR,7f4abb17-a46a-4d9b-86eb-435bb6ca7a4f
08-07-2021,09:54,IBERDROLA SA-RTS,ES06445809M0,MAD,,40,0.0000,EUR,0.00,EUR,0.00,EUR,,,EUR,0.00,EUR,
08-07-2021,09:54,IBERDROLA - NON TRADEABLE,ES06445809M0,DEG,,-40,0.0000,EUR,0.00,EUR,0.00,EUR,,,EUR,0.00,EUR,
08-07-2021,00:00,IBERDROLA - NON TRADEABLE,ES06445809M0,DEG,,40,0.0000,EUR,0.00,EUR,0.00,EUR,,,EUR,0.00,EUR,
31-05-2021,11:20,FERROVIAL SA-RTS - NON TRADEABLE,ES06189009H7,DEG,,-15,0.0000,EUR,0.00,EUR,0.00,EUR,,,EUR,0.00,EUR,
19-05-2021,00:00,FERROVIAL SA-RTS - NON TRADEABLE,ES06189009H7,DEG,,15,0.0000,EUR,0.00,EUR,0.00,EUR,,,EUR,0.00,EUR,
19-05-2021,00:00,FERROVIAL SA-RTS,ES06189009H7,MAD,,-15,0.0000,EUR,0.00,EUR,0.00,EUR,,,EUR,0.00,EUR,
13-05-2021,00:00,FERROVIAL SA-RTS,ES06189009H7,MAD,,15,0.0000,EUR,0.00,EUR,0.00,EUR,,,EUR,0.00,EUR,
14-04-2021,21:20,COINBASE GLOBAL INC -CLASS A,US19260Q1076,NDQ,CDED,-1,337.3500,USD,337.35,USD,281.78,EUR,1.1972,-0.50,EUR,281.28,EUR,e6d1fbe8-b77b-442f-9e04-b79a7f456671
14-04-2021,19:54,COINBASE GLOBAL INC -CLASS A,US19260Q1076,NDQ,CDED,2,384.7500,USD,-769.50,USD,-642.16,EUR,1.1983,-0.51,EUR,-642.67,EUR,e36d43d9-7b15-4294-a942-9617fc1b2c27
16-02-2021,11:26,REDEIA CORPORACION SA,ES0173093024,MAD,XMAD,17,14.8800,EUR,-252.96,EUR,-252.96,EUR,,-2.13,EUR,-255.09,EUR,88a1c396-2206-468e-a334-b6aa809c9382
16-02-2021,10:43,ENAGAS SA,ES0130960018,MAD,XMAD,22,17.9000,EUR,-393.80,EUR,-393.80,EUR,,-2.20,EUR,-396.00,EUR,b39b5f70-03b9-4308-ab2e-8a2a1720635d
10-02-2021,00:00,IBERDROLA,ES0144580Y14,MAD,,40,0.0000,EUR,0.00,EUR,0.00,EUR,,,EUR,0.00,EUR,
10-02-2021,00:00,IBERDROLA SA-RTS,ES06445809L2,MAD,,-2800,0.0000,EUR,0.00,EUR,0.00,EUR,,,EUR,0.00,EUR,
27-01-2021,13:39,FERROVIAL,ES0118900010,MAD,XMAD,15,20.0000,EUR,-300.00,EUR,-300.00,EUR,,-2.15,EUR,-302.15,EUR,7510bd0c-f19c-4f16-bbe8-5d0530b0ca44
26-01-2021,15:39,PHARMA MAR SA,ES0169501022,MAD,XMAD,-1,110.0000,EUR,110.00,EUR,110.00,EUR,,-2.06,EUR,107.94,EUR,8afb4e71-548b-4472-ba4c-d3776e1b1bac
26-01-2021,10:20,NATURGY ENERGY GROUP SA,ES0116870314,MAD,XMAD,-10,22.3000,EUR,223.00,EUR,223.00,EUR,,-2.11,EUR,220.89,EUR,e4596ce6-dba1-435c-a180-d5de844b6edb
22-01-2021,16:04,IBERDROLA SA-RTS,ES06445809L2,MAD,XMAD,1522,0.1658,EUR,-252.35,EUR,-252.35,EUR,,-0.13,EUR,-252.48,EUR,f00ab67a-06e4-4f63-974b-de2148fad1e9
22-01-2021,16:01,IBERDROLA SA-RTS,ES06445809L2,MAD,XMAD,1000,0.1658,EUR,-165.80,EUR,-165.80,EUR,,-0.08,EUR,-165.88,EUR,f00ab67a-06e4-4f63-974b-de2148fad1e9
22-01-2021,15:58,IBERDROLA SA-RTS,ES06445809L2,MAD,XMAD,278,0.1658,EUR,-46.09,EUR,-46.09,EUR,,-2.02,EUR,-48.11,EUR,f00ab67a-06e4-4f63-974b-de2148fad1e9
21-01-2021,15:18,EBRO FOODS,ES0112501012,MAD,MESI,22,18.0000,EUR,-396.00,EUR,-396.00,EUR,,-2.20,EUR,-398.20,EUR,911440c5-5e86-40a0-9064-a9411b8c4827
18-01-2021,14:40,ACERINOX,ES0132105018,MAD,XMAD,-30,9.6000,EUR,288.00,EUR,288.00,EUR,,-2.14,EUR,285.86,EUR,c96508e3-8817-4756-b995-13544d0781fb
18-01-2021,12:19,SANTANDER,ES0113900J37,MAD,XMAD,-3,2.7150,EUR,8.15,EUR,8.15,EUR,,,EUR,8.15,EUR,4a6554be-4ea2-46d9-a0ba-1068cf4ae8df
18-01-2021,12:19,SANTANDER,ES0113900J37,MAD,XMAD,-76,2.7150,EUR,206.34,EUR,206.34,EUR,,-2.10,EUR,204.24,EUR,4a6554be-4ea2-46d9-a0ba-1068cf4ae8df
31-12-2020,00:00,SANTANDER,ES0113900J37,MAD,,0,0.0000,EUR,0.00,EUR,0.00,EUR,,,EUR,0.00,EUR,
31-12-2020,00:00,BANCO SANTANDER SA - RIGHTS,ES06139009S5,MAD,,-13,0.0000,EUR,0.00,EUR,0.00,EUR,,,EUR,0.00,EUR,
17-12-2020,14:32,REPSOL SA,ES0173516115,MAD,XMAD,82,8.3740,EUR,-686.67,EUR,-686.67,EUR,,-2.34,EUR,-689.01,EUR,3bddab21-f170-4614-9d15-e30a3b9a759e
17-12-2020,12:57,ACERINOX,ES0132105018,MAD,XMAD,-31,9.1540,EUR,283.77,EUR,283.77,EUR,,-2.14,EUR,281.63,EUR,65262070-3e39-4b7f-bc27-b16f0cad6e28
14-12-2020,11:06,SANTANDER - NON TRADEABLE,ES0113900J37,DEG,,-9,0.0000,EUR,0.00,EUR,0.00,EUR,,,EUR,0.00,EUR,
14-12-2020,11:06,SANTANDER,ES0113900J37,MAD,,9,0.0000,EUR,0.00,EUR,0.00,EUR,,,EUR,0.00,EUR,
10-12-2020,12:21,AENA SA,ES0105046009,MAD,XMAD,4,136.5000,EUR,-546.00,EUR,-546.00,EUR,,-2.27,EUR,-548.27,EUR,73285556-f888-47ff-93c0-a28a85fdeff0
08-12-2020,11:55,SANTANDER,ES0113900J37,MAD,MSSI,-150,2.7515,EUR,412.73,EUR,412.73,EUR,,-2.21,EUR,410.52,EUR,11abd431-6a89-467f-a67b-233bd23c6b07
30-11-2020,00:00,SANTANDER - NON TRADEABLE,ES0113900J37,DEG,,9,0.0000,EUR,0.00,EUR,0.00,EUR,,,EUR,0.00,EUR,
30-11-2020,00:00,BANCO SANTANDER SA - RIGHTS,ES06139009S5,MAD,,-207,0.0000,EUR,0.00,EUR,0.00,EUR,,,EUR,0.00,EUR,
24-11-2020,15:20,INT.AIRL.GRP,ES0177542018,MAD,XMAD,403,1.9500,EUR,-785.85,EUR,-785.85,EUR,,-2.39,EUR,-788.24,EUR,68e20825-bdf9-46d3-a672-be215b93357f
24-11-2020,09:56,PHARMA MAR SA,ES0169501022,MAD,MSSI,-4,89.5000,EUR,358.00,EUR,358.00,EUR,,-2.18,EUR,355.82,EUR,218355d1-50d5-437b-8e9f-e006dbe39d5c
16-11-2020,13:04,PHARMA MAR SA,ES0169501022,MAD,XMAD,5,95.0000,EUR,-475.00,EUR,-475.00,EUR,,-2.24,EUR,-477.24,EUR,0b4ce0d3-d708-4d5c-b296-8b5c4203b58a
16-11-2020,08:55,BANCO SANTANDER SA - RIGHTS,ES06139009S5,MAD,,220,0.0000,EUR,0.00,EUR,0.00,EUR,,,EUR,0.00,EUR,
16-11-2020,08:55,SANTANDER - NON TRADEABLE,SAN1120DMYXX,DEG,,-220,0.0000,EUR,0.00,EUR,0.00,EUR,,,EUR,0.00,EUR,
16-11-2020,00:00,SANTANDER - NON TRADEABLE,SAN1120DMYXX,DEG,,220,0.0000,EUR,0.00,EUR,0.00,EUR,,,EUR,0.00,EUR,
13-11-2020,14:03,ACERINOX,ES0132105018,MAD,XMAD,61,8.0800,EUR,-492.88,EUR,-492.88,EUR,,-2.25,EUR,-495.13,EUR,bc91a56d-5c92-4402-9d7d-438e42219a34
13-11-2020,10:41,REDEIA CORPORACION SA,ES0173093024,MAD,XMAD,30,16.2500,EUR,-487.50,EUR,-487.50,EUR,,-2.24,EUR,-489.74,EUR,0ce9518c-e109-4987-a05d-b00c42630196
12-11-2020,09:06,MAPFRE SA,ES0124244E34,MAD,HREU,500,1.5510,EUR,-775.50,EUR,-775.50,EUR,,-2.39,EUR,-777.89,EUR,e9523841-82fd-4dde-b465-9ccc12082462
12-11-2020,09:05,SANTANDER,ES0113900J37,MAD,AQXE,220,2.3055,EUR,-507.21,EUR,-507.21,EUR,,-2.25,EUR,-509.46,EUR,d7adf29f-acfb-4efa-9987-6c264ad5c24e
10-11-2020,13:12,NATURGY ENERGY GROUP SA,ES0116870314,MAD,XMAD,15,17.7000,EUR,-265.50,EUR,-265.50,EUR,,-2.13,EUR,-267.63,EUR,fc312034-1f8b-401a-a0b3-64a514b6c4e2
09-11-2020,13:38,INT.AIRL.GRP,ES0177542018,MAD,XMAD,100,1.4800,EUR,-148.00,EUR,-148.00,EUR,,-2.07,EUR,-150.07,EUR,50ce8d89-70b7-4414-9e40-f714ecac42b9
